{
  "save_business-event" : {
    "transaction" : "save_business-event",
    "sampleCount" : 10000,
    "errorCount" : 0,
    "errorPct" : 0.0,
    "meanResTime" : 691.0092000000025,
    "medianResTime" : 668.0,
    "minResTime" : 12.0,
    "maxResTime" : 1691.0,
    "pct1ResTime" : 994.0,
    "pct2ResTime" : 1100.0,
    "pct3ResTime" : 1330.0,
    "throughput" : 14.74493474629128,
    "receivedKBytesPerSec" : 5.186782785638877,
    "sentKBytesPerSec" : 6.148522594400759
  },
  "save_event" : {
    "transaction" : "save_event",
    "sampleCount" : 10000,
    "errorCount" : 0,
    "errorPct" : 0.0,
    "meanResTime" : 254.3574999999988,
    "medianResTime" : 219.5,
    "minResTime" : 5.0,
    "maxResTime" : 1493.0,
    "pct1ResTime" : 498.0,
    "pct2ResTime" : 596.0,
    "pct3ResTime" : 836.9799999999996,
    "throughput" : 14.727909240732094,
    "receivedKBytesPerSec" : 4.920308261123622,
    "sentKBytesPerSec" : 6.328398501877072
  },
  "Total" : {
    "transaction" : "Total",
    "sampleCount" : 60000,
    "errorCount" : 0,
    "errorPct" : 0.0,
    "meanResTime" : 1120.4088666666535,
    "medianResTime" : 676.0,
    "minResTime" : 4.0,
    "maxResTime" : 5453.0,
    "pct1ResTime" : 2868.9000000000015,
    "pct2ResTime" : 3372.0,
    "pct3ResTime" : 3966.0,
    "throughput" : 88.16813074746003,
    "receivedKBytesPerSec" : 31.467197253599462,
    "sentKBytesPerSec" : 228.58563715434417
  },
  "save_user" : {
    "transaction" : "save_user",
    "sampleCount" : 10000,
    "errorCount" : 0,
    "errorPct" : 0.0,
    "meanResTime" : 47.34390000000014,
    "medianResTime" : 10.0,
    "minResTime" : 4.0,
    "maxResTime" : 1394.0,
    "pct1ResTime" : 106.0,
    "pct2ResTime" : 203.0,
    "pct3ResTime" : 574.9799999999996,
    "throughput" : 14.696999313650132,
    "receivedKBytesPerSec" : 4.936505346125357,
    "sentKBytesPerSec" : 7.391557272001776
  },
  "save_events_bulk" : {
    "transaction" : "save_events_bulk",
    "sampleCount" : 10000,
    "errorCount" : 0,
    "errorPct" : 0.0,
    "meanResTime" : 982.6514000000051,
    "medianResTime" : 983.0,
    "minResTime" : 5.0,
    "maxResTime" : 2581.0,
    "pct1ResTime" : 1449.0,
    "pct2ResTime" : 1615.949999999999,
    "pct3ResTime" : 1934.9799999999996,
    "throughput" : 14.73561362042238,
    "receivedKBytesPerSec" : 4.916471289314617,
    "sentKBytesPerSec" : 83.06050958699022
  },
  "transaction_message" : {
    "transaction" : "transaction_message",
    "sampleCount" : 10000,
    "errorCount" : 0,
    "errorPct" : 0.0,
    "meanResTime" : 1883.2032999999972,
    "medianResTime" : 2023.5,
    "minResTime" : 5.0,
    "maxResTime" : 4303.0,
    "pct1ResTime" : 2677.8999999999996,
    "pct2ResTime" : 2890.0,
    "pct3ResTime" : 3297.99,
    "throughput" : 14.758099983175766,
    "receivedKBytesPerSec" : 6.660745593969249,
    "sentKBytesPerSec" : 6.91785936711364
  },
  "save_users_bulk" : {
    "transaction" : "save_users_bulk",
    "sampleCount" : 10000,
    "errorCount" : 0,
    "errorPct" : 0.0,
    "meanResTime" : 2863.8879000000006,
    "medianResTime" : 3028.0,
    "minResTime" : 5.0,
    "maxResTime" : 5453.0,
    "pct1ResTime" : 3973.0,
    "pct2ResTime" : 4195.0,
    "pct3ResTime" : 4587.99,
    "throughput" : 14.725783816658101,
    "receivedKBytesPerSec" : 4.92861486470318,
    "sentKBytesPerSec" : 119.2874773038857
  }
}