{
  "save_business-event" : {
    "transaction" : "save_business-event",
    "sampleCount" : 100,
    "errorCount" : 0,
    "errorPct" : 0.0,
    "meanResTime" : 18.479999999999997,
    "medianResTime" : 17.0,
    "minResTime" : 15.0,
    "maxResTime" : 46.0,
    "pct1ResTime" : 24.900000000000006,
    "pct2ResTime" : 31.849999999999966,
    "pct3ResTime" : 45.889999999999944,
    "throughput" : 0.28056944374302084,
    "receivedKBytesPerSec" : 0.096993733481474,
    "sentKBytesPerSec" : 0.11699526609206044
  },
  "save_event" : {
    "transaction" : "save_event",
    "sampleCount" : 100,
    "errorCount" : 0,
    "errorPct" : 0.0,
    "meanResTime" : 6.46,
    "medianResTime" : 6.0,
    "minResTime" : 5.0,
    "maxResTime" : 15.0,
    "pct1ResTime" : 8.900000000000006,
    "pct2ResTime" : 10.949999999999989,
    "pct3ResTime" : 14.989999999999995,
    "throughput" : 0.2805788903666044,
    "receivedKBytesPerSec" : 0.09151694275629478,
    "sentKBytesPerSec" : 0.12056124195440032
  },
  "Total" : {
    "transaction" : "Total",
    "sampleCount" : 600,
    "errorCount" : 0,
    "errorPct" : 0.0,
    "meanResTime" : 35.62999999999993,
    "medianResTime" : 17.0,
    "minResTime" : 5.0,
    "maxResTime" : 418.0,
    "pct1ResTime" : 96.0,
    "pct2ResTime" : 104.0,
    "pct3ResTime" : 149.95000000000005,
    "throughput" : 1.6699927355316004,
    "receivedKBytesPerSec" : 0.5868350123718629,
    "sentKBytesPerSec" : 4.329640996790831
  },
  "save_user" : {
    "transaction" : "save_user",
    "sampleCount" : 100,
    "errorCount" : 0,
    "errorPct" : 0.0,
    "meanResTime" : 8.159999999999998,
    "medianResTime" : 6.0,
    "minResTime" : 5.0,
    "maxResTime" : 152.0,
    "pct1ResTime" : 9.0,
    "pct2ResTime" : 10.949999999999989,
    "pct3ResTime" : 150.6399999999993,
    "throughput" : 0.28071042193583523,
    "receivedKBytesPerSec" : 0.0915598446548525,
    "sentKBytesPerSec" : 0.14117760478218275
  },
  "save_events_bulk" : {
    "transaction" : "save_events_bulk",
    "sampleCount" : 100,
    "errorCount" : 0,
    "errorPct" : 0.0,
    "meanResTime" : 18.28000000000001,
    "medianResTime" : 16.0,
    "minResTime" : 15.0,
    "maxResTime" : 39.0,
    "pct1ResTime" : 23.900000000000006,
    "pct2ResTime" : 26.94999999999999,
    "pct3ResTime" : 38.93999999999997,
    "throughput" : 0.28057023093735706,
    "receivedKBytesPerSec" : 0.09151411829402077,
    "sentKBytesPerSec" : 1.5814954814164308
  },
  "transaction_message" : {
    "transaction" : "transaction_message",
    "sampleCount" : 100,
    "errorCount" : 0,
    "errorPct" : 0.0,
    "meanResTime" : 53.839999999999996,
    "medianResTime" : 51.0,
    "minResTime" : 43.0,
    "maxResTime" : 136.0,
    "pct1ResTime" : 67.70000000000002,
    "pct2ResTime" : 76.94999999999999,
    "pct3ResTime" : 135.5899999999998,
    "throughput" : 0.2805434688077744,
    "receivedKBytesPerSec" : 0.12849110045981074,
    "sentKBytesPerSec" : 0.13150475100364425
  },
  "save_users_bulk" : {
    "transaction" : "save_users_bulk",
    "sampleCount" : 100,
    "errorCount" : 0,
    "errorPct" : 0.0,
    "meanResTime" : 108.55999999999997,
    "medianResTime" : 98.0,
    "minResTime" : 86.0,
    "maxResTime" : 418.0,
    "pct1ResTime" : 122.70000000000002,
    "pct2ResTime" : 149.74999999999994,
    "pct3ResTime" : 417.8599999999999,
    "throughput" : 0.28050569566815053,
    "receivedKBytesPerSec" : 0.09149306870426004,
    "sentKBytesPerSec" : 2.2722604937180746
  }
}